{"DT1": 11.639276910435498, "IN2": 11.031224322103533, "DT2": 8.122432210353328, "RB2": 6.5283483976992605, "IN3": 4.8274445357436315, "DT3": 4.66721446179129, "RB3": 4.096138044371405, "NN1": 4.071487263763353, "NN2": 3.3114215283483976, "PRP1": 2.953985209531635, "NN3": 2.276088742810189, "IN4": 2.2678718159408384, "VBG2": 2.0172555464256368, "DT4": 2.0049301561216106, "JJ1": 1.8200493015612162, "RB4": 1.8200493015612162, "PRP2": 1.7091207888249793, "NNS1": 1.5940838126540673, "JJ2": 1.47493837304848, "NNS2": 1.1750205423171733, "VBG1": 1.1380443714050945, "NN4": 1.0353327855382086, "VBG3": 1.0065735414954808, "JJ3": 0.9120788824979458, "IN5": 0.8956450287592441, "PRP3": 0.8422350041084634, "DT5": 0.8011503697617091, "RB5": 0.6450287592440427, "TO2": 0.6080525883319639, "NNS3": 0.5957271980279375, "PRP$1": 0.5916187345932621, "VBN2": 0.5299917830731307, "WRB2": 0.47658175842235007, "PRP$2": 0.47247329498767465, "VBG4": 0.4519309778142975, "RB1": 0.44782251437962206, "CD1": 0.4272801972062448, "PRP4": 0.3820870994248151, "DT6": 0.3697617091207888, "VB1": 0.36154478225143794, "NN5": 0.3574363188167625, "IN6": 0.3533278553820871, "JJ4": 0.3368940016433854, "NNS4": 0.31224322103533275, "VBN3": 0.26705012325390304, "CD2": 0.26294165981922757, "EX1": 0.24239934264585045, "RB6": 0.23829087921117503, "IN7": 0.19309778142974526, "WRB3": 0.17666392769104355, "PRP$3": 0.17666392769104355, "JJ5": 0.16023007395234182, "VBG5": 0.16023007395234182, "TO3": 0.15612161051766638, "DT7": 0.15612161051766638, "EX2": 0.15201314708299096, "IN1": 0.13557929334428925, "NNS5": 0.13147082990961378, "PRP5": 0.12736236647493837, "WRB1": 0.12325390304026293, "NN6": 0.12325390304026293, "VBN4": 0.11914543960558752, "VB2": 0.11092851273623665, "RB7": 0.1027115858668858, "WP1": 0.09038619556285948, "VBN1": 0.08216926869350863, "VBZ1": 0.08216926869350863, "CD3": 0.08216926869350863, "PRP$4": 0.08216926869350863, "MD2": 0.07806080525883319, "PRP6": 0.07395234182415776, "MD1": 0.06984387838948233, "NN7": 0.06573541495480689, "EX3": 0.06573541495480689, "NNS6": 0.05751848808545604, "JJ6": 0.05751848808545604, "VBN5": 0.05751848808545604, "VB3": 0.05751848808545604, "VBP1": 0.0534100246507806, "``2": 0.0534100246507806, "NA1": 0.049301561216105176, "WRB4": 0.049301561216105176, "``1": 0.049301561216105176, "DT8": 0.04519309778142974, "WRB5": 0.04519309778142974, "JJS1": 0.04519309778142974, "RB9": 0.04519309778142974, "PRP$5": 0.041084634346754315, "VBG6": 0.03697617091207888, "IN9": 0.03697617091207888, "IN8": 0.03697617091207888, "WP2": 0.03697617091207888, "CD4": 0.03697617091207888, "JJ7": 0.03697617091207888, "DT9": 0.03697617091207888, "VBD1": 0.032867707477403446, "NNS7": 0.032867707477403446, "RBR2": 0.032867707477403446, "TO5": 0.02875924404272802, "JJS2": 0.02875924404272802, "VB4": 0.02875924404272802, "WDT1": 0.024650780608052588, "CC2": 0.024650780608052588, "TO1": 0.024650780608052588, "PRP7": 0.024650780608052588, "TO4": 0.024650780608052588, "RB8": 0.024650780608052588, "NN8": 0.024650780608052588, "CC1": 0.020542317173377157, "PRP$6": 0.020542317173377157, "VBZ2": 0.020542317173377157, "VBG7": 0.020542317173377157, "MD3": 0.020542317173377157, "MD4": 0.020542317173377157, "JJ8": 0.020542317173377157, "``3": 0.020542317173377157, "VB6": 0.020542317173377157, "JJ9": 0.016433853738701723, "NN9": 0.016433853738701723, "VBD2": 0.016433853738701723, "IN10": 0.016433853738701723, "EX4": 0.016433853738701723, "DT11": 0.016433853738701723, "VBP2": 0.016433853738701723, "``4": 0.016433853738701723, "VBN6": 0.016433853738701723, "VBN7": 0.016433853738701723, "WP3": 0.012325390304026294, "VBG9": 0.012325390304026294, "EX5": 0.012325390304026294, "CD5": 0.012325390304026294, "RBR1": 0.012325390304026294, "RBR3": 0.012325390304026294, "PRP$7": 0.012325390304026294, "DT10": 0.012325390304026294, "RB10": 0.008216926869350862, "MD6": 0.008216926869350862, "RB12": 0.008216926869350862, "WP4": 0.008216926869350862, "(3": 0.008216926869350862, "VBZ3": 0.008216926869350862, "VBZ4": 0.008216926869350862, "VBP3": 0.008216926869350862, "DT17": 0.008216926869350862, "PRP$8": 0.008216926869350862, "VB5": 0.008216926869350862, "PRP8": 0.008216926869350862, "TO8": 0.008216926869350862, "TO7": 0.008216926869350862, "PDT2": 0.008216926869350862, "RBS1": 0.008216926869350862, "NNS9": 0.008216926869350862, "RBS2": 0.008216926869350862, "DT14": 0.008216926869350862, "TO6": 0.008216926869350862, "``5": 0.008216926869350862, "RBR4": 0.008216926869350862, "(1": 0.008216926869350862, "PRP$9": 0.008216926869350862, "VBD3": 0.004108463434675431, "(2": 0.004108463434675431, "MD7": 0.004108463434675431, "CC5": 0.004108463434675431, "NN17": 0.004108463434675431, "PRP11": 0.004108463434675431, "VBZ9": 0.004108463434675431, "IN13": 0.004108463434675431, "PRP9": 0.004108463434675431, "NNP3": 0.004108463434675431, "JJS5": 0.004108463434675431, "JJ27": 0.004108463434675431, "CC3": 0.004108463434675431, "PRP$11": 0.004108463434675431, "IN12": 0.004108463434675431, "VB7": 0.004108463434675431, "WRB7": 0.004108463434675431, "JJR1": 0.004108463434675431, "JJR5": 0.004108463434675431, "JJR2": 0.004108463434675431, "WRB6": 0.004108463434675431, "RB13": 0.004108463434675431, "CC4": 0.004108463434675431, "DT12": 0.004108463434675431, "JJS3": 0.004108463434675431, "DT19": 0.004108463434675431, "IN11": 0.004108463434675431, "SYM1": 0.004108463434675431, "RB11": 0.004108463434675431, "CD6": 0.004108463434675431, "WDT2": 0.004108463434675431, "FW3": 0.004108463434675431, "VBN9": 0.004108463434675431, "MD5": 0.004108463434675431, "LS1": 0.004108463434675431, "VBG8": 0.004108463434675431, "VBN15": 0.004108463434675431, "PRP20": 0.004108463434675431, "FW4": 0.004108463434675431, "``8": 0.004108463434675431, "NNS11": 0.004108463434675431, "IN16": 0.004108463434675431, "NN11": 0.004108463434675431, "IN22": 0.004108463434675431, "DT13": 0.004108463434675431}