{"DT1": 11.732078647387347, "IN2": 7.27947364394461, "DT2": 6.311682350240992, "NN1": 6.265779205875603, "PRP1": 4.697421773391477, "DT3": 4.291943998163874, "NN2": 3.7755336240532476, "IN3": 3.5995715706525897, "RB2": 3.5536684262872007, "PRP2": 2.417565603243822, "JJ1": 2.364011934817535, "NN3": 2.2760309081172063, "RB3": 2.103894116746997, "NNS1": 2.073292020503404, "IN4": 1.9508836355290338, "JJ2": 1.8437762986764594, "DT4": 1.7251931757325378, "RB1": 1.4306479993879582, "PRP3": 1.3770943309616708, "IN1": 1.2852880422308928, "CC1": 1.1934817535001148, "NNS2": 1.1514038711651748, "JJ3": 0.9448397215209242, "CC2": 0.9180628873077806, "RB4": 0.9104123632468825, "NN4": 0.8530334327901462, "IN5": 0.7267997857853263, "NNS3": 0.7153239996939791, "CD1": 0.71149873766353, "DT5": 0.7076734756330809, "VBG2": 0.6808966414199372, "VB1": 0.62734297299365, "PRP$1": 0.623517710963201, "EX1": 0.5967408767500574, "PRP4": 0.5852650906587101, "``2": 0.5699640425369138, "VBG1": 0.5623135184760156, "CD2": 0.5470124703542193, "WRB2": 0.4858082778670339, "CC3": 0.4819830158365848, "JJ4": 0.42842934741029765, "EX2": 0.4169535613189504, "NN5": 0.4169535613189504, "RB5": 0.3787009410144595, "VBG3": 0.3748756789840104, "``3": 0.3748756789840104, "``1": 0.3442735827404177, "PRP$2": 0.3404483207099686, "DT6": 0.313671486496825, "TO2": 0.313671486496825, "IN6": 0.3021957004054778, "CD3": 0.2983704383750287, "WRB1": 0.28689465228368144, "NNS4": 0.2601178180705378, "VBN2": 0.2448167699487415, "PRP5": 0.22951572182694516, "CC4": 0.22951572182694516, "VBG4": 0.21421467370514882, "WP1": 0.21038941167469974, "WRB3": 0.20656414964425066, "RB6": 0.1989136255833525, "``4": 0.19508836355290338, "VB2": 0.1912631015224543, "VBN1": 0.18361257746155613, "EX3": 0.17978731543110704, "PRP$3": 0.17596205340065796, "NN6": 0.1606610052788616, "JJ5": 0.15301048121796343, "WP2": 0.14153469512661618, "MD1": 0.14153469512661618, "PRP6": 0.13388417106571798, "TO3": 0.13388417106571798, "IN7": 0.1300589090352689, "NNS5": 0.12623364700481982, "VBN3": 0.12240838497437075, "CD4": 0.11858312294392166, "PRP$4": 0.1109325988830235, "WRB4": 0.1109325988830235, "DT7": 0.10328207482212533, "JJS1": 0.10328207482212533, "TO1": 0.09945681279167624, "VB3": 0.09945681279167624, "WDT1": 0.09945681279167624, "VBN4": 0.09563155076122715, "DT8": 0.09180628873077806, "VBZ1": 0.08798102670032898, "VBP1": 0.08798102670032898, "WP3": 0.08798102670032898, "CC5": 0.08415576466987988, "``5": 0.08415576466987988, "JJ6": 0.0803305026394308, "NNS6": 0.07650524060898171, "RBR1": 0.07650524060898171, "VBG5": 0.07650524060898171, "RBR2": 0.07267997857853263, "NN7": 0.07267997857853263, "JJS2": 0.07267997857853263, "IN8": 0.06885471654808355, "PRP7": 0.06120419248718537, "CD5": 0.06120419248718537, "JJR1": 0.06120419248718537, "EX4": 0.05737893045673629, "TO4": 0.05737893045673629, "CC6": 0.04972840639583812, "MD2": 0.04972840639583812, "VBN5": 0.04590314436538903, "VBD1": 0.04590314436538903, "VB4": 0.04590314436538903, "VBZ2": 0.04590314436538903, "PRP$5": 0.04207788233493994, "``6": 0.04207788233493994, "TO5": 0.04207788233493994, "POS2": 0.04207788233493994, "JJS3": 0.04207788233493994, "WRB5": 0.04207788233493994, "JJR2": 0.04207788233493994, "WDT2": 0.03825262030449086, "RBR3": 0.03825262030449086, ",1": 0.034427358274041774, "RBR4": 0.034427358274041774, "IN9": 0.034427358274041774, "EX5": 0.034427358274041774, "RB7": 0.034427358274041774, "''2": 0.034427358274041774, ",2": 0.030602096243592686, "JJS4": 0.030602096243592686, "DT9": 0.030602096243592686, "JJ7": 0.026776834213143603, "VBG6": 0.026776834213143603, "PRP8": 0.026776834213143603, "PDT1": 0.026776834213143603, ":1": 0.026776834213143603, "DT10": 0.022951572182694516, "NNS7": 0.022951572182694516, "WP4": 0.022951572182694516, "WP5": 0.022951572182694516, "VBP3": 0.022951572182694516, "EX6": 0.022951572182694516, "NNS8": 0.022951572182694516, "JJR3": 0.022951572182694516, "RBS1": 0.022951572182694516, "VBN7": 0.022951572182694516, "VBD2": 0.01912631015224543, "VBP2": 0.01912631015224543, "RB8": 0.01912631015224543, "SYM1": 0.01912631015224543, ",3": 0.015301048121796343, "CD7": 0.015301048121796343, "VB5": 0.015301048121796343, "''1": 0.015301048121796343, "''3": 0.015301048121796343, "VBN6": 0.015301048121796343, "CC7": 0.015301048121796343, "JJS5": 0.015301048121796343, "POS4": 0.015301048121796343, "WRB6": 0.015301048121796343, "PDT2": 0.015301048121796343, "FW2": 0.015301048121796343, "``7": 0.015301048121796343, ":2": 0.015301048121796343, "JJ9": 0.011475786091347258, "``8": 0.011475786091347258, "IN11": 0.011475786091347258, "PRP9": 0.011475786091347258, "POS1": 0.011475786091347258, "PRP$9": 0.011475786091347258, "TO6": 0.011475786091347258, "IN14": 0.011475786091347258, "PDT3": 0.011475786091347258, "WDT3": 0.011475786091347258, "VBG7": 0.011475786091347258, "DT11": 0.011475786091347258, "CC8": 0.007650524060898172, "WDT5": 0.007650524060898172, "MD3": 0.007650524060898172, "CD6": 0.007650524060898172, "IN10": 0.007650524060898172, "UH2": 0.007650524060898172, "RBR5": 0.007650524060898172, "MD4": 0.007650524060898172, "PRP$6": 0.007650524060898172, ",5": 0.007650524060898172, "DT16": 0.007650524060898172, "IN12": 0.007650524060898172, ")2": 0.007650524060898172, "VBZ3": 0.007650524060898172, "WRB7": 0.007650524060898172, "VBG8": 0.007650524060898172, "NN10": 0.007650524060898172, "WP$1": 0.007650524060898172, "NN9": 0.007650524060898172, "VB6": 0.007650524060898172, "``9": 0.007650524060898172, "SYM2": 0.007650524060898172, "UH3": 0.007650524060898172, "NN8": 0.007650524060898172, "NNS10": 0.007650524060898172, "NNS9": 0.003825262030449086, "EX7": 0.003825262030449086, "VBD3": 0.003825262030449086, "PRP$10": 0.003825262030449086, "RB12": 0.003825262030449086, "JJ11": 0.003825262030449086, "PRP$7": 0.003825262030449086, "PRP$11": 0.003825262030449086, "UH4": 0.003825262030449086, "RBS2": 0.003825262030449086, "RBS4": 0.003825262030449086, "TO8": 0.003825262030449086, "EX10": 0.003825262030449086, "VBZ6": 0.003825262030449086, "DT14": 0.003825262030449086, "''5": 0.003825262030449086, "POS3": 0.003825262030449086, "WP6": 0.003825262030449086, "VB8": 0.003825262030449086, "''4": 0.003825262030449086, "VBZ7": 0.003825262030449086, "PDT6": 0.003825262030449086, "RB10": 0.003825262030449086, "CC9": 0.003825262030449086, "EX8": 0.003825262030449086, "VBZ4": 0.003825262030449086, "CD12": 0.003825262030449086, "WP7": 0.003825262030449086, "DT13": 0.003825262030449086, "IN13": 0.003825262030449086, "NNP3": 0.003825262030449086, "VBN8": 0.003825262030449086, "NNS26": 0.003825262030449086, "TO10": 0.003825262030449086, "RB11": 0.003825262030449086, "RBS3": 0.003825262030449086, "VBG15": 0.003825262030449086, "VBD4": 0.003825262030449086, "NNS14": 0.003825262030449086, "DT12": 0.003825262030449086, "WDT4": 0.003825262030449086, "JJR5": 0.003825262030449086, "WRB10": 0.003825262030449086, "MD5": 0.003825262030449086, "NN11": 0.003825262030449086, ":4": 0.003825262030449086, ":5": 0.003825262030449086, "MD6": 0.003825262030449086, "TO7": 0.003825262030449086, "LS1": 0.003825262030449086, "CD16": 0.003825262030449086, ":3": 0.003825262030449086, "CD9": 0.003825262030449086}